0;1;0
-4.520886372719179;2;1
0;3;0
0;1;0
0;1;0
-34.9699443500668;2;10
-31.800842197554804;2;10
-31.90993208536027;3;10
-32.69554285629949;3;10
-30.675285064993155;4;10
-30.621951200668818;4;10
-29.2949104700161;5;10
-33.526717808647376;5;10
-33.57987146105099;6;10
-32.75116407670031;6;10
-32.923619192911865;7;10
-33.952739886811855;7;10
-33.52560019388012;8;10
-32.14785918131731;8;10
-33.324523053483446;9;10
-33.27152519962893;9;10
-29.0890342377186;10;10
-29.559631672396826;10;10
-29.624377222377692;11;10
-35.83852727932482;11;10
-32.97567082759908;12;10
-31.20657511943032;12;10
-30.87530815327801;13;10
-32.72201232373708;13;10
-33.8939811613053;14;10
-32.33517068642525;14;10
-32.19166488604202;15;10
-29.445064141248995;15;10
-31.031350636478066;16;10
-31.106959308130634;16;10
-31.018117617117877;17;10
-33.01872546959812;17;10
-33.20607260284678;18;10
-31.464684444100698;18;10
-31.987750957387284;19;10
-35.717289695013164;19;10
-31.778477927834853;20;10
-35.82469973213275;20;10
-30.94660437677693;21;10
-33.28783751322166;21;10
-33.679580811023015;22;10
-33.98225468785701;22;10
-37.69666149292831;23;10
-28.69923045713665;23;10
-32.319635796001606;24;10
-29.98788816844302;24;10
-28.58483879687156;25;10
-30.1944227607952;25;10
0;1;0
0;1;0
-34.44091333059542;2;10
-33.05126430333546;2;10
-35.14458980807779;3;10
-29.869588111707614;3;10
-29.621927436906976;4;10
-31.98520783597329;4;10
-35.435919711813696;5;10
-29.44076336001326;5;10
-37.260368916850844;6;10
-32.813932732176966;6;10
-32.26992027430357;7;10
-32.34225389015516;7;10
-32.791905749387794;8;10
-32.499973757512755;8;10
-33.90567423142627;9;10
-31.824827435868965;9;10
-31.341677836394663;10;10
-30.614376253943078;10;10
-31.142452435281424;11;10
-34.318657323250264;11;10
-32.29167991773161;12;10
-28.99319904775272;12;10
-30.334465695176483;13;10
-30.6296706788099;13;10
-29.296519188096035;14;10
-32.27955087098877;14;10
-30.880810080042394;15;10
-32.622921730179726;15;10
-31.69822947022463;16;10
-33.49903394598451;16;10
-34.12658475085904;17;10
-32.059293431187285;17;10
-33.39224588968039;18;10
-29.41965986415375;18;10
-27.059994019064295;19;10
-30.161641409815147;19;10
-28.262612970495667;20;10
-29.14468733047523;20;10
-31.913013696558156;26;10
-33.25395994079996;26;10
-30.44225681072609;27;10
-34.31905630896259;27;10
-34.65596864825505;28;10
-34.09429753422886;28;10
-30.258795693758895;29;10
-34.55312089061588;29;10
-34.32556256267193;30;10
-32.60378900120549;30;10
-29.936674852627554;31;10
-35.88911022650512;31;10
-32.901577400311396;32;10
-34.15903423239404;32;10
-34.15205906639711;33;10
-36.147329164555465;33;10
-26.86887589259974;34;10
-31.982102966469533;34;10
-32.0721454868649;35;10
-34.11957726677076;35;10
-34.710323824432784;36;10
-31.762958100013098;36;10
-33.98230859186952;37;10
-32.18438650817998;37;10
-31.297117645235247;38;10
-30.609456240423718;38;10
-30.153864270156845;39;10
-30.456340288588777;39;10
-35.53894065460558;40;10
-32.28242460241243;40;10
-32.3508540588016;41;10
-35.50700528012887;41;10
-32.365350096897444;42;10
-33.21128271083982;42;10
-31.255832863243832;43;10
-29.234066105764093;43;10
-33.25876945375996;44;10
-34.18283027061848;44;10
-32.02255720059372;45;10
-31.06531802031317;45;10
-34.76426680940183;46;10
-31.702647871752692;46;10
-35.66125934122931;47;10
-36.553186952989236;47;10
-32.54979818637343;48;10
-32.0848866837372;48;10
-31.224342861772477;49;10
-30.074822089526773;49;10
-34.23958576640261;50;10
-31.444682842520017;50;10
-29.33573903426644;21;10
-30.270086886650464;21;10
-35.12559577596471;22;10
-31.579762347168643;22;10
-33.15297120866435;23;10
-35.57152174468388;23;10
-32.249404283749044;24;10
-34.36821134624212;24;10
-32.2526199882546;25;10
-30.383869105950343;25;10
-31.709438098361925;26;10
-32.88657984365704;26;10
-32.48345841303502;27;10
-31.618069069495963;27;10
-28.966506809486482;28;10
-32.87103981126675;28;10
-28.016076883434728;29;10
-34.28650934617898;29;10
-31.957144754838904;30;10
-29.754925804954933;30;10
-32.609193844043695;31;10
-31.150109636759048;31;10
-35.18627860225256;32;10
-33.33852896169817;32;10
-33.502950877276305;33;10
-30.112014978773672;33;10
-32.65853051838309;34;10
-34.88704513034194;34;10
-30.78140661142645;35;10
-32.640011303092415;35;10
-34.57056574817977;36;10
-34.86347563147715;36;10
-31.893117825269346;37;10
-31.668952380994487;37;10
-34.784062396843176;38;10
-32.88485262528181;38;10
-34.09460627489563;39;10
-32.30399131555658;39;10
-33.67463153434703;40;10
-34.30615330519419;40;10
-31.366624779869646;51;10
-36.21381658842636;51;10
-34.5966861206205;52;10
-32.06565985851873;52;10
-31.1770009823165;53;10
-34.78901216853139;53;10
-30.868121844418727;54;10
-29.6025627638765;54;10
-32.602530878724224;55;10
-34.68200243847535;55;10
-33.38771161284376;56;10
-28.717393075145978;56;10
-30.373967541197146;57;10
-34.10100483118866;57;10
-31.317009446416;58;10
-32.32451450377618;58;10
-31.335397145243807;59;10
-35.263223945130484;59;10
-34.22830441258404;60;10
-27.979970534086128;60;10
-33.03129411301611;61;10
-32.98404328520013;61;10
-36.72237969228694;62;10
-32.28283761127334;62;10
-34.51941774599455;63;10
-31.150394868769308;63;10
-32.35309585667138;64;10
-30.492665175386886;64;10
-29.56773096746955;65;10
-34.40907320956314;65;10
-30.456605874229354;66;10
-30.35338173391184;66;10
-28.95800920646612;67;10
-32.49113695133044;67;10
-36.21291662963162;68;10
-29.415850107948362;68;10
-29.52239044526269;69;10
-29.62403046352921;69;10
-31.030922881710527;70;10
-31.37093433238309;70;10
-32.002569830461375;71;10
-34.13564446372792;71;10
-30.161537695672095;72;10
-33.69330830125072;72;10
-32.42329609607322;73;10
-35.22328267615537;73;10
-34.428942560198614;74;10
-29.846985790523586;74;10
-33.516539229021525;75;10
-32.637983400697735;75;10
-30.93318453073329;41;10
-31.92636992387813;41;10
-32.60142334140525;42;10
-31.91018789259813;42;10
-33.09182503004291;43;10
-33.28795464774313;43;10
-32.31808211990632;44;10
-28.869601049193836;44;10
-29.409209437458507;45;10
-35.20571598239471;45;10
-31.033413243010507;46;10
-30.4755067264452;46;10
-35.62666926866541;47;10
-31.57477637029075;47;10
-33.499771767021876;48;10
-34.71022172549188;48;10
-34.001858518691435;49;10
-36.49291164154954;49;10
-30.50406762404561;50;10
-36.1633987029616;50;10
-34.86054558402341;51;10
-34.14877768207012;51;10
-30.50335935109603;52;10
-33.336755058318;52;10
-30.778260854488995;53;10
-32.44256683572002;53;10
-29.73761334270585;54;10
-30.24457689159626;54;10
-33.695726775254826;55;10
-34.32340417444777;55;10
-30.475546870786907;56;10
-32.417338138259915;56;10
-31.398066259517737;57;10
-34.917476787215826;57;10
-31.849599339298056;58;10
-31.151489975079482;58;10
-32.08106406857563;59;10
-29.587970776029096;59;10
-32.08068473450514;60;10
-34.625595267840076;60;10
-31.457823515677095;76;10
-31.71917412010924;76;10
-30.933137453654446;77;10
-32.33782361952763;77;10
-32.26298515184276;78;10
-33.362048597490094;78;10
-31.81899875324873;79;10
-29.933086327741567;79;10
-35.46967095368521;80;10
-34.14918203847884;80;10
-33.37272968190605;81;10
-34.9064526853982;81;10
-30.50686637846854;82;10
-31.640291028838153;82;10
-31.93632247455339;83;10
-32.96831711170329;83;10
-31.491838503298336;84;10
-32.103908401541055;84;10
-32.22141538717515;85;10
-31.67471768195224;85;10
-32.52966488389477;86;10
-32.47363743896751;86;10
-31.53851318180731;87;10
-31.7467328609827;87;10
-28.442909433496773;88;10
-33.39844145506531;88;10
-30.757611018637476;89;10
-31.795587240292605;89;10
-33.926606377474556;90;10
-32.06085777228621;90;10
-30.1945246487149;91;10
-32.89782135917249;91;10
-35.52784767593234;92;10
-28.969940211228014;92;10
-33.56003565168922;93;10
-35.30459053521261;93;10
-35.480926354311556;94;10
-36.509752180831164;94;10
-29.59820129745781;95;10
-32.214149494708664;95;10
-35.000922502236875;96;10
-31.6278072334236;96;10
-36.06640943427659;97;10
-31.101302385663253;97;10
-32.989443846884846;98;10
-33.637659345683325;98;10
-29.455940183613684;99;10
-32.64418802018938;99;10
-32.455654769002976;100;10
-30.22855521505523;100;10
-29.866959131308374;61;10
-30.254347781208864;61;10
-31.894156866413084;62;10
-31.514093237627076;62;10
-32.99978568113602;63;10
-32.75195799056594;63;10
-34.04030602794626;64;10
-32.627168502826294;64;10
-33.89089543501964;65;10
-32.070459305878785;65;10
-33.186896775299516;66;10
-31.542346774596147;66;10
-33.91437407101168;67;10
-30.563260873529465;67;10
-33.54796828733954;68;10
-30.08403115964317;68;10
-32.9431310796562;69;10
-31.193879022860525;69;10
-32.15314563172055;70;10
-33.99514517051101;70;10
-33.057040065497944;71;10
-31.718749440164906;71;10
-31.438268658953753;72;10
-32.58963248347925;72;10
-32.46473193273777;73;10
-34.23664124300272;73;10
-34.536475730968476;74;10
-31.72887691158397;74;10
-31.23089830394759;75;10
-30.326467870527548;75;10
-34.332195583451956;76;10
-31.131148630060558;76;10
-33.443254865979966;77;10
-30.43682781965568;77;10
-33.859477352984236;78;10
-30.41948534824186;78;10
-31.896894674927836;79;10
-33.06214924304477;79;10
-31.27409081307135;80;10
-30.757733699957555;80;10
-32.82778902006895;101;10
-32.31855928710624;101;10
-32.7805676174795;102;10
-32.651156028456725;102;10
-32.526177303640296;103;10
-30.30795092749453;103;10
-32.018599681211725;104;10
-32.5309327547614;104;10
-35.443596071957494;105;10
-34.022966592230524;105;10
-32.420096988594956;106;10
-32.77463707238452;106;10
-32.2704383542919;107;10
-31.85594051459496;107;10
-30.481713962969504;108;10
-29.33652708842535;108;10
-34.96725952065256;109;10
-30.386873750906325;109;10
-31.0094066158205;110;10
-30.15020342386305;110;10
-33.93073005494302;111;10
-34.7092090249427;111;10
-31.219193759316195;112;10
-32.353685138442195;112;10
-33.66181440492511;113;10
-31.468545505003213;113;10
-33.8633125318389;114;10
-31.178880445520463;114;10
-31.03028973370342;115;10
-33.33156397281193;115;10
-36.26694283840282;116;10
-32.31168957634669;116;10
-28.43530704623545;117;10
-31.855868711085492;117;10
-31.542217438394616;118;10
-29.855001286467058;118;10
-29.754739744666615;119;10
-36.92519091398286;119;10
-31.775508316177195;120;10
-31.984274263872337;120;10
-31.05503878612555;121;10
-34.37332485364986;121;10
-36.00785055364021;122;10
-31.169577942932722;122;10
-33.93672174986177;123;10
-34.59860984496837;123;10
-33.543022600112614;124;10
-29.01168659239811;124;10
-27.358724400558057;125;10
-33.03741970868589;125;10
-34.80842097652529;81;10
-33.83807701551031;81;10
-34.69836733373378;82;10
-32.96274564490704;82;10
-29.704648172648096;83;10
-30.934523906091265;83;10
-31.692161541237656;84;10
-32.46579375481933;84;10
-31.432834207840244;85;10
-31.615616817337123;85;10
-30.951290691298993;86;10
-33.48511785808667;86;10
-34.588020685848015;87;10
-32.739254936675664;87;10
-34.013799100826034;88;10
-30.049706641670316;88;10
-37.109556709122934;89;10
-29.946890212820882;89;10
-32.70251944455038;90;10
-30.266206203481953;90;10
-30.432749788828694;91;10
-33.846962262881156;91;10
-32.9868490845845;92;10
-33.97810179332049;92;10
-30.69997077067699;93;10
-34.128415005312846;93;10
-36.905503423930185;94;10
-31.351842351487004;94;10
-33.2533272252312;95;10
-31.228875345544658;95;10
-29.436581767635687;96;10
-28.652008732835508;96;10
-32.288466817229306;97;10
-34.48346768206733;97;10
-31.289506309174577;98;10
-30.61894599748254;98;10
-30.904402735049914;99;10
-33.023260917631475;99;10
-28.585590234864384;100;10
-32.597922941979625;100;10
-33.03154482888359;126;10
-30.008111803481803;126;10
-30.98105219294639;127;10
-30.837155233975523;127;10
-33.611257458832895;128;10
-30.580627616585968;128;10
-33.307254967488916;129;10
-31.588694178802676;129;10
-32.959934240970796;130;10
-32.91717880579554;130;10
-27.018278079260316;131;10
-34.54843859127747;131;10
-31.371850844441337;132;10
-32.9299496022939;132;10
-32.66122316893672;133;10
-31.373548567535387;133;10
-35.52156415808774;134;10
-33.733421048548465;134;10
-31.410710927116806;135;10
-31.20685518182488;135;10
-30.322104147434622;136;10
-31.826273181068817;136;10
-35.80160262958235;137;10
-29.671598320465424;137;10
-29.984422081989898;138;10
-35.19924698618974;138;10
-34.44577893106785;139;10
-28.87768862749981;139;10
-31.034740899125744;140;10
-30.690716802099203;140;10
-32.65710913287782;141;10
-31.066116039446303;141;10
-31.317586477343244;142;10
-30.81781922831034;142;10
-28.46990219560319;143;10
-35.253065465543195;143;10
-32.10967233503026;144;10
-30.054128685992854;144;10
-31.43727063369287;145;10
-31.077673081033574;145;10
-34.98379379067762;146;10
-34.60016299047741;146;10
-31.480026485311242;147;10
-34.53781643982263;147;10
-34.351023782468104;148;10
-32.09527428921459;148;10
-29.111387629442508;149;10
-30.093590417384156;149;10
-32.75947212367607;150;10
-31.518440193408082;150;10
-30.48947344752707;101;10
-31.132484881394845;101;10
-33.219879977605174;102;10
-31.71491609459837;102;10
-31.497171676786955;103;10
-30.343656537393045;103;10
-31.93059862808925;104;10
-34.346664393992256;104;10
-31.635952749523987;105;10
-29.455002302184223;105;10
-31.545734129096875;106;10
-35.592521372409465;106;10
-32.06361589730886;107;10
-30.11208217510611;107;10
-30.833564498772354;108;10
-30.783719886058265;108;10
-36.90590353182905;109;10
-32.288679926756174;109;10
-32.13639853532948;110;10
-33.23597715762834;110;10
-30.282773239988433;111;10
-31.506073705825003;111;10
-33.819424800258496;112;10
-30.369055006464187;112;10
-32.52938015773695;113;10
-32.23255167260865;113;10
-36.74752389779864;114;10
-31.155839750782675;114;10
-32.56385098672272;115;10
-32.30725165258868;115;10
-30.66052598975482;116;10
-32.61349368734467;116;10
-30.785340746832325;117;10
-30.042207373480355;117;10
-34.47448403834104;118;10
-31.71724383512678;118;10
-36.825158911291844;119;10
-33.347204573488085;119;10
-32.566531307043185;120;10
-30.97085013874258;120;10
-33.753500714384806;151;10
-33.029847688097526;151;10
-31.943175219015583;152;10
-35.51351843114483;152;10
-31.91051061112861;153;10
-32.97687646838732;153;10
-32.677101013711045;154;10
-34.85839233346271;154;10
-32.382244140488176;155;10
-31.77465470128943;155;10
-32.6193655071416;156;10
-30.826821095774037;156;10
-29.872395518766417;157;10
-35.476041890714484;157;10
-28.622204838925136;158;10
-32.97301646968727;158;10
-28.595005060524954;159;10
-30.799932047556588;159;10
-31.452602279404285;160;10
-34.737513698680466;160;10
-33.1523716728496;161;10
-30.813471694921574;161;10
-32.72564596704379;162;10
-32.997445968281234;162;10
-28.13057993420553;163;10
-35.65026595787786;163;10
-36.55392597703247;164;10
-33.10024453842196;164;10
-29.998616964623693;165;10
-30.717077547866445;165;10
-32.20700582354502;166;10
-32.426145412695284;166;10
-31.64240447856018;167;10
-32.42641145823123;167;10
-31.426462609416895;168;10
-36.80696182381321;168;10
-33.0524616882148;169;10
-31.900401330631464;169;10
-28.674756728394062;170;10
-33.3614668070706;170;10
-32.769118799001475;171;10
-35.2730146997291;171;10
-30.200879892477907;172;10
-33.235083666203565;172;10
-32.80375541533625;173;10
-28.659915934020542;173;10
-32.24841947884209;174;10
-33.90521905875234;174;10
-36.041921815388044;175;10
-31.100144650487604;175;10
-31.865269260417133;121;10
-33.85599988233212;121;10
-33.98595764468614;122;10
-30.608200620711806;122;10
-31.983562227125837;123;10
-33.17010980737672;123;10
-29.740816700900435;124;10
-33.94608050598835;124;10
-31.763205148437894;125;10
-33.745034875632534;125;10
-32.19288554615447;126;10
-33.36759519802487;126;10
-29.3932132255362;127;10
-32.947556010526284;127;10
-34.63801350511669;128;10
-34.92367482705638;128;10
-33.849774643586755;129;10
-32.816014068818866;129;10
-30.58727186487919;130;10
-32.56605370789111;130;10
-31.001812142097428;131;10
-31.422555189701463;131;10
-31.56132359765583;132;10
-32.31836756456295;132;10
-31.84325181571488;133;10
-29.547224126426762;133;10
-32.75915355665026;134;10
-31.839393479942668;134;10
-30.058073050998523;135;10
-33.90633281491221;135;10
-31.71774924570513;136;10
-34.13644772455228;136;10
-30.630507716150987;137;10
-34.3251107676048;137;10
-31.93720941360352;138;10
-33.2859689757619;138;10
-34.5802878556387;139;10
-32.586326645963375;139;10
-34.31123577109446;140;10
-31.81542158671763;140;10
-32.91493460774446;176;10
-34.43873850709622;176;10
-31.45806038902732;177;10
-31.724294250519446;177;10
-29.793758403182828;178;10
-31.76163456208822;178;10
-34.42651609831109;179;10
-34.070464010166596;179;10
-32.539704658230676;180;10
-29.37937715867664;180;10
-34.48534208926721;181;10
-34.746189582759555;181;10
-33.57360958491223;182;10
-30.894651302254296;182;10
-32.233880596340995;183;10
-30.274341164922117;183;10
-32.1847268518742;184;10
-31.89078459337929;184;10
-30.671102426001998;185;10
-29.81824480742996;185;10
-31.604581660563102;186;10
-30.98757859244274;186;10
-30.17063757495736;187;10
-34.56263974843956;187;10
-32.38003677976704;188;10
-31.044367179869532;188;10
-35.09253210385454;189;10
-33.955095720691936;189;10
-33.2388772514331;190;10
-34.69575840674766;190;10
-31.55428839274076;191;10
-35.5414364122571;191;10
-33.72367149364896;192;10
-32.681498210068646;192;10
-31.940440570786617;193;10
-31.875029907021215;193;10
-34.957036334899556;194;10
-29.929399591996464;194;10
-31.587764285751295;195;10
-33.222022464344775;195;10
-34.001364743899;196;10
-33.79734488695342;196;10
-31.307434973294164;197;10
-31.44681513769721;197;10
-28.838794848872485;198;10
-30.689047458103595;198;10
-31.669009503833195;199;10
-29.83280796667011;199;10
-32.89334730364522;200;10
-32.528514220119874;200;10
-34.89810081384472;141;10
-28.233838159751613;141;10
-29.562774849200583;142;10
-33.32521063664431;142;10
-32.06491141786288;143;10
-31.512111524273397;143;10
-28.98235625071345;144;10
-33.68838402124006;144;10
-31.484954055556813;145;10
-29.47578453000638;145;10
-32.27975729186481;146;10
-32.25489084029849;146;10
-29.518359980119328;147;10
-34.60603419531478;147;10
-34.518616713428194;148;10
-32.85475598919228;148;10
-33.10058298431604;149;10
-33.10556652527195;149;10
-32.172060827755686;150;10
-30.555019985390224;150;10
-29.29393279171859;151;10
-31.21590440597014;151;10
-31.38781705486632;152;10
-33.56559914535755;152;10
-34.730377353400364;153;10
-34.95315135518203;153;10
-32.96020375490088;154;10
-31.10381569601797;154;10
-33.73507118702404;155;10
-34.03029074880401;155;10
-34.59033561712243;156;10
-30.738355512792683;156;10
-32.04539859633123;157;10
-31.980481253232;157;10
-30.685064724586795;158;10
-30.728598989359842;158;10
-33.14829035972773;159;10
-31.047700684539315;159;10
-29.231004168143937;160;10
-33.96688474701591;160;10
-32.18642278489759;201;10
-30.243901283924988;201;10
-30.356191996534566;202;10
-33.45078350342578;202;10
-31.967351498707878;203;10
-31.766213367010177;203;10
-35.24504953547525;204;10
-34.275626355641755;204;10
-34.99187539619895;205;10
-31.47348914036083;205;10
-35.86777492803557;206;10
-35.341781941645664;206;10
-32.80784279078247;207;10
-33.57294561760554;207;10
-28.9154165376494;208;10
-30.033986789276526;208;10
-30.710869896636506;209;10
-31.105039023260495;209;10
-31.26742817555147;210;10
-31.537843752260194;210;10
-34.199467311481484;211;10
-28.755516538564926;211;10
-30.72395795099945;212;10
-30.492398622903483;212;10
-31.199925396829503;213;10
-31.641880178601056;213;10
-34.80265259305728;214;10
-32.230998824458325;214;10
-33.294746982597104;215;10
-32.91510957255977;215;10
-30.24259367794592;216;10
-28.457448964468256;216;10
-33.13168146400041;217;10
-35.367794071428364;217;10
-32.0514578720255;218;10
-30.449665161657187;218;10
-32.36458370030264;219;10
-32.81225985013196;219;10
-31.984115342226076;220;10
-32.549840761553696;220;10
-32.23851834683847;221;10
-29.886044006330977;221;10
-34.63649027135776;222;10
-30.63730083917136;222;10
-35.12898672423234;223;10
-35.20613214080996;223;10
-30.841174529495973;224;10
-30.771139116056215;224;10
-30.759389842560147;225;10
-30.22509599273749;225;10
-31.25895409791632;161;10
-33.069426530595315;161;10
-32.52589633047974;162;10
-33.57652402733394;162;10
-30.241217761572788;163;10
-33.55531253984709;163;10
-31.49896331034322;164;10
-30.580971565352147;164;10
-34.55767185082328;165;10
-31.785986840872514;165;10
-31.968493505561668;166;10
-35.5034281215905;166;10
-31.568282104752964;167;10
-29.93192787066421;167;10
-29.58172192519148;168;10
-31.57198336310529;168;10
-33.77138595590078;169;10
-32.36731486960198;169;10
-32.55232636482567;170;10
-32.39538215757601;170;10
-32.43651474857701;171;10
-32.43393229981969;171;10
-31.22513762687473;172;10
-32.385623327423914;172;10
-33.401439272412226;173;10
-33.73304816518871;173;10
-32.633717943312085;174;10
-33.859189532421034;174;10
-34.86780808538691;175;10
-34.36950731125361;175;10
-32.83824771967702;176;10
-34.7675083711837;176;10
-32.14645828468572;177;10
-31.71010628507056;177;10
-32.177721940433464;178;10
-33.10073539039368;178;10
-31.745295292449747;179;10
-33.26702302434768;179;10
-30.238918080278154;180;10
-31.724595023702374;180;10
-34.29746368600699;226;10
-29.792479630714983;226;10
-30.918823203209563;227;10
-33.15882160763545;227;10
-34.37984394340035;228;10
-34.914721221292425;228;10
-35.09518195347908;229;10
-31.459488183524325;229;10
-32.67097982861914;230;10
-30.71152584968086;230;10
-30.169979155877744;231;10
-31.880128463307237;231;10
-33.59683634648835;232;10
-35.3247430711313;232;10
-32.20166241548101;233;10
-31.365096591429577;233;10
-31.801557056354394;234;10
-30.596298358198244;234;10
-31.309362755207353;235;10
-29.671561528325036;235;10
-31.33972182075406;236;10
-31.471457435915344;236;10
-32.22169162888159;237;10
-34.14409222198564;237;10
-27.11261500423768;238;10
-34.56847397882831;238;10
-31.885411616033068;239;10
-29.92227551305047;239;10
-32.323891894874606;240;10
-32.75662179398429;240;10
-31.682019936309825;241;10
-33.13885406084149;241;10
-33.652177979157;242;10
-34.825386511608684;242;10
-32.10659214911194;243;10
-31.0961393351103;243;10
-30.51766686472031;244;10
-34.975593300582595;244;10
-27.68864493979275;245;10
-33.76573281827509;245;10
-30.941884044338266;246;10
-30.735992702803046;246;10
-31.377033305710327;247;10
-28.916528648095284;247;10
-31.105232787003384;248;10
-29.598696933142097;248;10
-29.84817154387762;249;10
-33.46795447179914;249;10
-33.955484351460434;250;10
-32.21777899847021;250;10
-33.18743553055947;181;10
-31.870861944138976;181;10
-29.957287684347218;182;10
-32.284011761609875;182;10
-34.735378585026716;183;10
-31.502106071498904;183;10
-36.8225895776022;184;10
-31.657294784923312;184;10
-32.167595112101;185;10
-33.10717314044021;185;10
-32.15975874427837;186;10
-34.35858677340676;186;10
-30.591359633350784;187;10
-28.71406820163037;187;10
-33.66984503071209;188;10
-31.220886917376;188;10
-36.43408397989367;189;10
-31.307509816152812;189;10
-31.397407417637904;190;10
-33.71738031621629;190;10
-28.882176329587864;191;10
-31.47565325255565;191;10
-34.86149034604971;192;10
-30.621114600004876;192;10
-32.446489139899825;193;10
-30.5984824859675;193;10
-30.94840022376066;194;10
-34.184095087448426;194;10
-33.270358053443715;195;10
-31.672903671548884;195;10
-33.59181786024803;196;10
-32.29487747908122;196;10
-31.165856469116545;197;10
-31.217807175716576;197;10
-33.36934655716074;198;10
-31.754146403354202;198;10
-34.29474640176734;199;10
-34.20984408823205;199;10
-34.20018388254833;200;10
-32.132359497954425;200;10
-28.306208458534954;251;10
-34.960556320413566;251;10
-30.908904844524685;252;10
-26.923079453921073;252;10
-31.068957554426362;253;10
-32.28390405289041;253;10
-33.19246426209958;254;10
-33.8950412429908;254;10
-32.12607042260089;255;10
-34.01057035481905;255;10
-34.69208813332744;256;10
-30.564935085568564;256;10
-31.322930137128232;257;10
-31.2880523121183;257;10
-33.49640395915805;258;10
-30.036495046582385;258;10
-30.398280382991498;259;10
-34.15535279617467;259;10
-32.52107534546989;260;10
-30.1961489883552;260;10
-33.97844762080738;261;10
-32.91460002181339;261;10
-30.134632033332174;262;10
-34.79262682042515;262;10
-32.57860882418588;263;10
-32.535674833079156;263;10
-34.22653868016297;264;10
-33.034905576856964;264;10
-34.51765512506552;265;10
-33.49109591058892;265;10
-31.777803371466494;266;10
-35.1450343007648;266;10
-32.6556848960838;267;10
-34.42422020280214;267;10
-31.700828237585267;268;10
-32.64699660832373;268;10
-32.264978631001036;269;10
-32.38205362246861;269;10
-31.478256816736806;270;10
-29.68257811563042;270;10
-33.808937652799806;271;10
-30.77960175063426;271;10
-31.981980630711586;272;10
-31.016113375938637;272;10
-30.366017250827788;273;10
-33.09706383875002;273;10
-33.63704225210861;274;10
-30.275006476982185;274;10
-27.63206768256667;275;10
-31.655284721283767;275;10
-34.3717718805741;201;10
-35.33039174591007;201;10
-31.865659398528447;202;10
-34.93675911936243;202;10
-30.956253513807766;203;10
-31.61994054321962;203;10
-33.71671968363289;204;10
-32.302978159446916;204;10
-30.690196923267308;205;10
-29.833257620199493;205;10
-32.468008514941324;206;10
-32.25686693859614;206;10
-33.395438634001515;207;10
-31.77210926315703;207;10
-31.341865878489585;208;10
-32.62663406231435;208;10
-31.707918701072753;209;10
-31.92147675253987;209;10
-34.18820966636139;210;10
-32.65300032222635;210;10
-32.547429600649;211;10
-32.23399754227412;211;10
-31.755395197499286;212;10
-32.74980189707315;212;10
-32.86121341395295;213;10
-30.53730727406175;213;10
-31.382385594996396;214;10
-32.807470138822005;214;10
-32.11748709173746;215;10
-35.13547204797156;215;10
-34.6093483709742;216;10
-29.988904405265597;216;10
-36.20936284884822;217;10
-31.04502847463417;217;10
-34.61314053005363;218;10
-32.75602797548046;218;10
-30.76041173258579;219;10
-37.047256849995286;219;10
-29.130012783508352;220;10
-29.60852614049742;220;10
-31.33996252157706;276;10
-30.256400235330542;276;10
-31.269526216658804;277;10
-31.441771984311043;277;10
-31.20912575145556;278;10
-29.826213671447935;278;10
-36.146584317189266;279;10
-30.908981895514625;279;10
-31.615525963846064;280;10
-30.08813905490011;280;10
-35.14993835820592;281;10
-30.408373213180713;281;10
-35.03266971055947;282;10
-33.1257947113622;282;10
-33.528272739364716;283;10
-33.30139815922139;283;10
-30.96125381613839;284;10
-30.94034480062292;284;10
-32.68004249708231;285;10
-33.52011431448708;285;10
-34.920629188422836;286;10
-32.32031665718595;286;10
-34.17934510761475;287;10
-31.02308816468762;287;10
-33.316608295985084;288;10
-30.744639204811403;288;10
-30.006809731158793;289;10
-31.75308356866714;289;10
-31.27405272321795;290;10
-34.49508088881819;290;10
-32.6837357440789;291;10
-28.59731757960989;291;10
-30.500871736433393;292;10
-29.43968074033598;292;10
-31.218275974515784;293;10
-29.55989955055432;293;10
-32.91798667103797;294;10
-33.125993903305286;294;10
-34.18034810377578;295;10
-31.588588307527925;295;10
-31.854222140283788;296;10
-31.64966210289364;296;10
-34.391298723471515;297;10
-32.64585418196261;297;10
-30.247997614565186;298;10
-33.01943701424672;298;10
-33.46909373869983;299;10
-36.2681135999259;299;10
-29.797362055314107;300;10
-32.75607686168765;300;10
-33.179357839658785;221;10
-35.19211936468328;221;10
-36.853930683543595;222;10
-33.627744821577366;222;10
-34.734588060776325;223;10
-30.603105762943258;223;10
-32.18914370636012;224;10
-31.917955065916136;224;10
-32.0810828721974;225;10
-31.37856090509067;225;10
-30.368806060950877;226;10
-33.05545709536854;226;10
-30.820726808821163;227;10
-34.99711699209355;227;10
-36.8731255890659;228;10
-33.53809996970641;228;10
-33.38135446043861;229;10
-31.232811770065858;229;10
-29.257362116069594;230;10
-28.611268553632712;230;10
-36.673579126444196;231;10
-30.591475305443254;231;10
-29.17248249914066;232;10
-31.53958231494351;232;10
-33.69630269911994;233;10
-34.81213744767842;233;10
-33.249011402520445;234;10
-33.814484294558696;234;10
-32.10062078672158;235;10
-34.0140256564714;235;10
-29.116639645811354;236;10
-32.08583981713836;236;10
-33.10601243146277;237;10
-32.24749423977063;237;10
-34.75422150813344;238;10
-31.63202634976216;238;10
-33.84061444064519;239;10
-31.82975487108856;239;10
-33.56239695159819;240;10
-33.17746373704987;240;10
-32.748487168000025;301;10
-35.24272579370213;301;10
-30.74758490817698;302;10
-30.83375366252592;302;10
-33.573099861867114;303;10
-33.18820572615149;303;10
-35.77969351238795;304;10
-30.214090638692333;304;10
-31.291614600620566;305;10
-34.65187266030487;305;10
-32.63890722860656;306;10
-33.88649203421448;306;10
-33.12137228602239;307;10
-34.1417089389976;307;10
-30.820372095827405;308;10
-31.578677333974106;308;10
-28.77305649569627;309;10
-33.48259190407815;309;10
-33.38262234335102;310;10
-34.693287586307584;310;10
-32.64306031927921;311;10
-32.95764315268447;311;10
-30.966729709204404;312;10
-27.848508433485264;312;10
-33.8267065322186;313;10
-33.10496749386182;313;10
-34.186647125338155;314;10
-30.72422636256581;314;10
-35.23339864600614;315;10
-31.302383716920016;315;10
-30.528319775044018;316;10
-34.128589227926184;316;10
-31.086627003947918;317;10
-32.81752817246929;317;10
-33.898465052891915;318;10
-32.351718946416945;318;10
-34.25087972966498;319;10
-34.043962797183354;319;10
-33.36479075704617;320;10
-35.04248913807713;320;10
-32.1356247420179;321;10
-36.40234121278433;321;10
-35.1306143738322;322;10
-32.97185851924536;322;10
-32.04460020802428;323;10
-28.766402931008624;323;10
-31.678945079907862;324;10
-31.45789028692874;324;10
-34.85837770921973;325;10
-30.08609475056279;325;10
-30.446934489496137;241;10
-32.19478293609777;241;10
-28.381479817079313;242;10
-33.42622309648456;242;10
-31.03382003385793;243;10
-34.225019336697265;243;10
-31.861106717316655;244;10
-32.01354659977083;244;10
-31.896067266027913;245;10
-33.52862100481968;245;10
-29.485405103130407;246;10
-34.38519046291416;246;10
-30.906427626969244;247;10
-33.925131476521955;247;10
-31.54377226914158;248;10
-33.184585669987115;248;10
-33.44196626111013;249;10
-35.494834174837976;249;10
-32.60020137639587;250;10
-32.07628952977294;250;10
-29.67526180247587;251;10
-29.851291450969075;251;10
-30.12809826279082;252;10
-35.01065885002789;252;10
-31.982754702980415;253;10
-32.959100349546496;253;10
-31.736022342312555;254;10
-30.8174848340756;254;10
-34.280625583259074;255;10
-31.534589364748975;255;10
-27.237429843054212;256;10
-33.996750804362065;256;10
-30.91313254512136;257;10
-30.301210763553623;257;10
-33.409156839803074;258;10
-32.56006229568966;258;10
-34.410164833109356;259;10
-32.730024982441;259;10
-32.31629043677064;260;10
-33.05825752694537;260;10
-34.10792632460131;326;10
-32.705406201458565;326;10
-28.64352792874955;327;10
-30.201367545023114;327;10
-30.302591773118273;328;10
-31.11216447080656;328;10
-33.576193610163294;329;10
-31.8353261262372;329;10
-34.15858686720466;330;10
-29.906307039254955;330;10
-32.54780093891269;331;10
-32.9425901844371;331;10
-34.63298892734018;332;10
-30.49959786178983;332;10
-29.516649347288713;333;10
-30.63754759699985;333;10
-29.72947683965404;334;10
-31.134689410119687;334;10
-33.004079291727905;335;10
-33.13512413025962;335;10
-32.319851945504766;336;10
-34.0452130290304;336;10
-32.713051599669235;337;10
-32.43699793345418;337;10
-33.68324374123724;338;10
-32.134635993872514;338;10
-32.15461066091284;339;10
-30.054816194429176;339;10
-35.76754731487679;340;10
-34.851579919252856;340;10
-32.673409944823945;341;10
-29.98118348711726;341;10
-34.963028680867836;342;10
-30.847393383302148;342;10
-32.1027852810735;343;10
-28.630869375591224;343;10
-30.541318982388876;344;10
-35.684334339369265;344;10
-30.920447511014743;345;10
-34.00925590380666;345;10
-35.21592574670453;346;10
-31.44055718818084;346;10
-34.693863905368936;347;10
-26.99716266331643;347;10
-36.28920734205463;348;10
-32.21577291467676;348;10
-30.559399315500702;349;10
-33.504285844344196;349;10
-32.05068748146526;350;10
-30.874986800697062;350;10
-32.70786337016061;261;10
-29.929981937655135;261;10
-32.20324950217173;262;10
-32.38815689105965;262;10
-32.715172247251076;263;10
-32.617093201934736;263;10
-32.38997009954648;264;10
-33.75754714826945;264;10
-27.888438675819806;265;10
-33.95059431211183;265;10
-35.71060516796623;266;10
-34.26514878215639;266;10
-34.213316355646626;267;10
-33.52981369802494;267;10
-31.856052750140726;268;10
-31.094011546199702;268;10
-30.913172046015312;269;10
-30.726871650964767;269;10
-29.42343305703602;270;10
-32.88334188008139;270;10
-31.888417544597868;271;10
-29.170370135349017;271;10
-33.4913511927324;272;10
-35.41392398844917;272;10
-30.165098757155835;273;10
-33.93545080125093;273;10
-31.700289390890976;274;10
-31.454855613775532;274;10
-32.68840027148353;275;10
-33.645170810770594;275;10
-31.908725480530844;276;10
-28.585549060829504;276;10
-30.40786327608797;277;10
-33.04210861779232;277;10
-31.927950995136648;278;10
-33.664672140197794;278;10
-32.14178912790884;279;10
-32.493004033531506;279;10
-32.00959428852951;280;10
-31.797622017685633;280;10
-33.46302497976171;351;10
-32.70178083877599;351;10
-30.012912905286903;352;10
-32.74073909132474;352;10
-27.662912669510348;353;10
-31.3270367308966;353;10
-32.13336490916773;354;10
-36.16551100713379;354;10
-35.724389549947205;355;10
-33.80773405859232;355;10
-31.967202572133196;356;10
-33.39878029158046;356;10
-31.710573236093094;357;10
-30.98777765070048;357;10
-31.762040565188347;358;10
-31.492779244419815;358;10
-30.71814089091807;359;10
-33.043323070611656;359;10
-31.624998890646943;360;10
-30.713593200072907;360;10
-33.37903672869844;361;10
-33.17211684356662;361;10
-29.16618728913086;362;10
-31.385502161725917;362;10
-33.74570382110207;363;10
-34.510645966761984;363;10
-32.933937977891986;364;10
-33.82649899145499;364;10
-30.893015176925093;365;10
-34.490701910261514;365;10
-31.474356428128388;366;10
-33.22812665935821;366;10
-34.6288793726077;367;10
-31.197261511511538;367;10
-31.351182796334747;368;10
-32.412484862050874;368;10
-33.955500632672106;369;10
-31.811572869593654;369;10
-29.03992225105361;370;10
-32.47088005148569;370;10
-30.41900791285137;371;10
-34.183241524758984;371;10
-27.094869867954625;372;10
-32.76343455201464;372;10
-33.77538036864238;373;10
-35.60961294384447;373;10
-30.371956686744273;374;10
-33.11316952176546;374;10
-33.36456257289163;375;10
-29.11532125803425;375;10
-29.894385327896426;281;10
-31.49707070120956;281;10
-31.362604394690152;282;10
-32.381500351001144;282;10
-33.75727570914836;283;10
-34.28685268726731;283;10
-31.210811707118783;284;10
-30.05402589554321;284;10
-30.87610290327341;285;10
-31.35656513645703;285;10
-32.897314566088504;286;10
-31.228486579801345;286;10
-32.550643351219634;287;10
-29.89943452732216;287;10
-30.051597942134403;288;10
-27.354648741329513;288;10
-32.6168938686918;289;10
-29.51751929124717;289;10
-30.811939401791115;290;10
-30.327205580414116;290;10
-35.46709196320572;291;10
-32.57207202663487;291;10
-30.293408642894548;292;10
-31.61047950567161;292;10
-30.710888778979516;293;10
-33.84120120148768;293;10
-28.321626421162478;294;10
-31.86105199941497;294;10
-34.338430285721905;295;10
-30.819271291884114;295;10
-30.79552488058968;296;10
-30.668316929110873;296;10
-31.08958195088886;297;10
-34.32338035608641;297;10
-30.47395643649314;298;10
-32.58711010739842;298;10
-32.42405659850125;299;10
-33.23955333759547;299;10
-32.90945656345422;300;10
-32.44956779179062;300;10
-32.5765978536711;376;10
-30.700013629624006;376;10
-33.48971649405118;377;10
-32.60587167794726;377;10
-32.78805508336227;378;10
-31.749395063110967;378;10
-30.365771612429935;379;10
-30.81229419764194;379;10
-31.340239676373663;380;10
-34.059827991004894;380;10
-34.48575504964823;381;10
-33.78304608460957;381;10
-34.064473943873686;382;10
-34.66241927790311;382;10
-33.539286514654805;383;10
-33.93480798986613;383;10
-30.999589758124927;384;10
-29.018887550580434;384;10
-29.2997361278352;385;10
-30.524389485204487;385;10
-31.071969997632525;386;10
-30.604222312126623;386;10
-35.857022497377294;387;10
-30.04671682060666;387;10
-34.416395244911094;388;10
-30.422037386960195;388;10
-29.250619374244653;389;10
-34.855570669039494;389;10
-27.854408643213304;390;10
-31.185088455527563;390;10
-27.692733196367705;391;10
-31.26901939394823;391;10
-32.23770726524547;392;10
-31.623015023962278;392;10
-33.719896503837504;393;10
-32.626201370182145;393;10
-32.376893769127605;394;10
-30.538147010653013;394;10
-31.84144059166828;395;10
-33.635314673714895;395;10
-30.080756993411036;396;10
-29.862549642810535;396;10
-33.03366576707213;397;10
-29.5439331406683;397;10
-29.025220327491258;398;10
-30.75778854109649;398;10
-31.38742747129132;399;10
-31.370829117880227;399;10
-30.949340472069874;400;10
-30.577520619913837;400;10
-29.634681745417577;301;10
-31.56178230578622;301;10
-32.19133553781358;302;10
-35.08106029253264;302;10
-30.701547004606375;303;10
-30.764452061957606;303;10
-34.306857672599655;304;10
-31.4828140123979;304;10
-31.737726049206735;305;10
-29.217023043818287;305;10
-32.152315135214835;306;10
-28.984047025388076;306;10
-33.021365715268765;307;10
-32.255205093282704;307;10
-30.35568516905793;308;10
-32.746238479080745;308;10
-32.60919263131417;309;10
-31.139782842507202;309;10
-30.532674386749775;310;10
-28.914296684196668;310;10
-31.421569577162025;311;10
-30.755017023467133;311;10
-35.504426425449275;312;10
-28.982244207925834;312;10
-34.46171634555344;313;10
-31.654710505262397;313;10
-30.944230464205297;314;10
-30.79077888136958;314;10
-31.67889897275155;315;10
-28.646518997667208;315;10
-30.519722789803083;316;10
-29.19333872001222;316;10
-32.36527007611185;317;10
-31.101893165659103;317;10
-32.36489172926957;318;10
-30.857075796197122;318;10
-30.62790112652636;319;10
-28.726051541795385;319;10
-30.802661952908007;320;10
-29.276368596334436;320;10
-29.97514041111482;401;10
-26.097232632548;401;10
-28.985885532251817;402;10
-33.393802922837345;402;10
-34.54210123465686;403;10
-37.27298712911893;403;10
-31.303558343456196;404;10
-30.047784748042588;404;10
-33.40398804839183;405;10
-34.467395610208094;405;10
-30.144176651015652;406;10
-31.282869480566916;406;10
-31.86094362855268;407;10
-31.805966105809233;407;10
-30.234026506453016;408;10
-36.11268412120223;408;10
-33.37897783241941;409;10
-31.578818305161676;409;10
-34.64338080253067;410;10
-33.82888515546246;410;10
-30.469990024180326;411;10
-32.91044980475206;411;10
-35.300804046746364;412;10
-32.53581762776246;412;10
-27.887379375741023;413;10
-34.09247038734726;413;10
-32.941450226622806;414;10
-30.155877989450037;414;10
-31.72689902660354;415;10
-32.36456187255257;415;10
-31.819457170573877;416;10
-33.10719412395495;416;10
-32.375727836455226;417;10
-31.639531420436455;417;10
-30.216977152728237;418;10
-33.40751864457385;418;10
-34.024119886817;419;10
-33.85639041510679;419;10
-33.77775972187549;420;10
-31.095408834469502;420;10
-33.02017080346533;421;10
-32.02574185409197;421;10
-31.982859830809446;422;10
-34.665426084053124;422;10
-28.93500220698607;423;10
-33.63234571856038;423;10
-33.4447837617654;424;10
-32.29975583860864;424;10
-29.39004587691356;425;10
-31.562566245988563;425;10
-34.36184847141915;321;10
-32.14731197916737;321;10
-35.089187705608495;322;10
-34.782629814493696;322;10
-35.85188674298273;323;10
-33.340983158999585;323;10
-32.077890276724084;324;10
-33.76579399714804;324;10
-30.24557605149362;325;10
-32.168228436157854;325;10
-29.096726278304043;326;10
-32.881375737948524;326;10
-32.79939333224101;327;10
-31.591351053327674;327;10
-33.265982915861834;328;10
-30.88902839144026;328;10
-32.14609920003868;329;10
-33.47504676980205;329;10
-36.12074307594154;330;10
-33.74656897158142;330;10
-32.95778528143639;331;10
-35.063353273138794;331;10
-29.55952607014017;332;10
-34.084944364854415;332;10
-32.52058314846883;333;10
-34.34995761270501;333;10
-31.20786439328109;334;10
-30.6163319628653;334;10
-31.53662527054386;335;10
-34.91971245480531;335;10
-33.13038034961911;336;10
-33.8110980710952;336;10
-31.982335251495165;337;10
-34.90396901997818;337;10
-30.603063030039;338;10
-30.90871566705519;338;10
-29.660387692444598;339;10
-31.78965299602469;339;10
-30.0428117170047;340;10
-32.09133357817416;340;10
-32.82824088884304;426;10
-31.036111114996977;426;10
-29.477511592615258;427;10
-29.922886615611784;427;10
-31.953488904999926;428;10
-33.62044993567942;428;10
-30.32278611430147;429;10
-31.344788870551085;429;10
-30.868987856223512;430;10
-31.238015573147838;430;10
-32.545435124290826;431;10
-32.250536033350315;431;10
-32.484673581887876;432;10
-33.999207087351614;432;10
-31.29340538905297;433;10
-35.129425931906155;433;10
-31.024756159955395;434;10
-32.822759684893384;434;10
-33.323723400620935;435;10
-33.36916076992766;435;10
-29.72758056424073;436;10
-30.01040460419778;436;10
-32.210311408731755;437;10
-33.11113898474549;437;10
-33.95747901037557;438;10
-32.59825680513775;438;10
-33.40743716231524;439;10
-31.901294844152517;439;10
-30.735065768675735;440;10
-29.767422745163536;440;10
-28.285190206902254;441;10
-31.920834216138957;441;10
-30.80643063612626;442;10
-33.52478747278918;442;10
-31.98927309712951;443;10
-32.022164118109856;443;10
-30.421751306654567;444;10
-32.28366536621591;444;10
-31.37393309154009;445;10
-32.071643862267244;445;10
-32.86750321556501;446;10
-32.833550758580586;446;10
-32.03868995434278;447;10
-34.77569756343996;447;10
-28.826266026105113;448;10
-33.157724332464525;448;10
-29.944923262504798;449;10
-31.181447257467028;449;10
-30.09716432151131;450;10
-31.17089404676504;450;10
-30.634949139750212;341;10
-32.972298329282886;341;10
-32.3017542992216;342;10
-35.26858024953167;342;10
-32.54520402679103;343;10
-29.16952000967543;343;10
-32.935665839841306;344;10
-32.273988584704156;344;10
-30.38893092495696;345;10
-32.526295636275876;345;10
-35.10241999351844;346;10
-30.804391599801374;346;10
-32.73920820820412;347;10
-30.90101795964809;347;10
-31.207670423961527;348;10
-33.227656496959604;348;10
-30.927401608489802;349;10
-31.859943891832952;349;10
-30.401208105502246;350;10
-31.331064648901453;350;10
-31.05266290569375;351;10
-30.60441402814695;351;10
-34.148734582638255;352;10
-31.517392162104542;352;10
-32.17977996880558;353;10
-31.05292593278957;353;10
-34.41450547848948;354;10
-32.99036156673328;354;10
-33.496278247371485;355;10
-33.1867903265577;355;10
-30.641272789704693;356;10
-30.43441106513754;356;10
-32.42655863440037;357;10
-33.98543369950595;357;10
-30.87429077985816;358;10
-28.882661778659568;358;10
-30.777285495480594;359;10
-29.086649936540486;359;10
-28.22046808035885;360;10
-33.32051519856038;360;10
-30.36563403920325;451;10
-32.31217035612781;451;10
-30.690553017136523;452;10
-31.09547832393145;452;10
-34.166862716588405;453;10
-29.550185077798936;453;10
-32.237345682143896;454;10
-30.57419346277317;454;10
-37.17761275387964;455;10
-30.69315777429624;455;10
-31.32235782437727;456;10
-33.96713467874416;456;10
-31.990253661342848;457;10
-35.11028727382841;457;10
-31.220022604919215;458;10
-32.181320841573495;458;10
-30.167901289311754;459;10
-33.523634451649556;459;10
-33.5261621286816;460;10
-35.724805218603215;460;10
-33.81550839827914;461;10
-35.314478461142;461;10
-35.813728414012665;462;10
-31.003511190782604;462;10
-32.63946396352139;463;10
-26.562205770946058;463;10
-34.00930546580066;464;10
-32.46140917404495;464;10
-32.189980809665386;465;10
-32.67009925705015;465;10
-32.180600142868926;466;10
-33.43902727861184;466;10
-30.426679796535907;467;10
-32.104072079668974;467;10
-34.382382753972;468;10
-30.971820305073933;468;10
-33.96536784168132;469;10
-32.091652496549294;469;10
-30.38851743116025;470;10
-29.961188246780523;470;10
-33.974415141858756;471;10
-35.45828026735626;471;10
-30.009017399374027;472;10
-28.63055432305321;472;10
-30.603654127030797;473;10
-31.162632213398613;473;10
-32.272785760833045;474;10
-34.726815505160175;474;10
-29.924378595974723;475;10
-35.51541245076793;475;10
-30.209815819054683;361;10
-32.153988298777854;361;10
-35.045269531622345;362;10
-31.95794251336977;362;10
-29.69168442347627;363;10
-32.655051028278386;363;10
-35.452715557054475;364;10
-30.99378072435519;364;10
-34.71086767622107;365;10
-31.06614894944041;365;10
-32.65420649542079;366;10
-31.35025231607874;366;10
-34.88985151806524;367;10
-31.497483298737706;367;10
-30.994201993813633;368;10
-33.30870874211509;368;10
-30.46534424683452;369;10
-34.24237866770312;369;10
-32.41908408144811;370;10
-30.905486552612835;370;10
-33.04049001439585;371;10
-36.946896273598114;371;10
-31.783473140549656;372;10
-33.97898863797096;372;10
-32.93385036537553;373;10
-34.38727905632631;373;10
-30.761650449811274;374;10
-34.2503676777925;374;10
-31.433306408391886;375;10
-31.402330163639547;375;10
-31.000432306073677;376;10
-33.69822410256378;376;10
-33.59745558823645;377;10
-31.662081242283747;377;10
-30.69048216911848;378;10
-32.184072811003155;378;10
-30.180068363716714;379;10
-30.7163224514875;379;10
-34.42078881186046;380;10
-33.7321202035993;380;10
-31.5920815696601;476;10
-32.624842176639625;476;10
-31.876352536685648;477;10
-32.343718753469766;477;10
-34.095159307659046;478;10
-34.842691676750874;478;10
-32.20123527823237;479;10
-32.117563352166144;479;10
-34.91654871905736;480;10
-32.00780399067474;480;10
-33.53474829895253;481;10
-30.9330470174704;481;10
-32.94451935454364;482;10
-32.42544632458569;482;10
-31.478017183071135;483;10
-34.58394589689067;483;10
-33.28537933890764;484;10
-33.27033231638257;484;10
-34.37196917948485;485;10
-32.11285250429073;485;10
-32.15889866148075;486;10
-32.69677269643096;486;10
-32.206477975942015;487;10
-33.23143235194841;487;10
-35.90720929044449;488;10
-36.02929544392487;488;10
-31.877187702973806;489;10
-32.85049130603699;489;10
-31.450867425671262;490;10
-33.40707757887255;490;10
-33.287297911068706;491;10
-33.680820701796456;491;10
-34.00659929267069;492;10
-28.475488297819744;492;10
-35.50397992436039;493;10
-33.836689343778254;493;10
-28.86415905283801;494;10
-31.005826069835965;494;10
-29.246714951237028;495;10
-28.749495498384462;495;10
-30.90931304442684;496;10
-35.90741910551921;496;10
-34.69641865396571;497;10
-31.30115828341075;497;10
-31.51991429922223;498;10
-29.46409206017603;498;10
-29.30340784912257;499;10
-31.653994453202184;499;10
-30.24407601492966;500;10
-32.17233956622596;500;10
-29.7361051390706;381;10
-33.257905696638765;381;10
-32.82362346528794;382;10
-34.92628011437459;382;10
-33.19718023434482;383;10
-33.02915408505506;383;10
-35.01807631402425;384;10
-30.75620323546083;384;10
-33.55641111053566;385;10
-33.640607219712614;385;10
-30.50708513705852;386;10
-30.290469930480327;386;10
-30.079262782309748;387;10
-34.852827354523335;387;10
-32.83284096219353;388;10
-35.10689283440483;388;10
-30.731398500706025;389;10
-33.122845021072;389;10
-32.030069641899686;390;10
-32.73341005464175;390;10
-31.851136782167323;391;10
-33.203362596677024;391;10
-34.292227287811336;392;10
-33.43333341852572;392;10
-33.91835645291577;393;10
-33.530703055855106;393;10
-32.1261397717794;394;10
-33.37961480202237;394;10
-28.75388208237457;395;10
-29.70206469906349;395;10
-34.13883217082021;396;10
-31.984544670689548;396;10
-29.864472596189565;397;10
-36.806948913141355;397;10
-33.073712387780596;398;10
-32.37248210533507;398;10
-29.581621512262924;399;10
-34.675322236857696;399;10
-30.827047239134018;400;10
-32.71188081702907;400;10
-29.48334199572769;501;10
-32.14225640560588;501;10
-29.70448447602691;502;10
-32.546701645980605;502;10
-29.29991931240221;503;10
-34.64101629532843;503;10
-32.55145888758412;504;10
-31.323754655628825;504;10
-33.15235306799086;505;10
-33.6614653773153;505;10
-31.55887295785491;506;10
-32.40261527368807;506;10
-31.729782535298924;507;10
-30.367644433708392;507;10
-32.44737952605345;508;10
-35.74015988853641;508;10
-31.682703909146507;509;10
-33.808329435985904;509;10
-34.52409303174005;510;10
-31.19529573234847;510;10
-32.11027871042412;511;10
-30.90336959061176;511;10
-27.79050646931456;512;10
-32.93378081466046;512;10
-32.28462237208981;513;10
-29.242773568552618;513;10
-35.02756468307757;514;10
-32.11309735575828;514;10
-32.56216193485916;515;10
-30.27501752745891;515;10
-32.00648066165033;516;10
-33.112569901475325;516;10
-30.693101437589412;517;10
-32.99757428356753;517;10
-30.804032598599736;518;10
-31.333848589281338;518;10
-33.7479004452899;519;10
-32.97787151213346;519;10
-31.51260004268223;520;10
-33.916100806925414;520;10
-30.715745067446186;521;10
-34.57164392876837;521;10
-31.596266734685663;522;10
-29.6768165547069;522;10
-34.31674295467803;523;10
-34.473260357522896;523;10
-33.77895524323356;524;10
-36.526581742517116;524;10
-33.59721737882605;525;10
-31.965506001645842;525;10
-33.11369978714729;401;10
-31.197685806686838;401;10
-31.70774479346191;402;10
-31.73003607162829;402;10
-33.06626153397935;403;10
-33.33045876726928;403;10
-31.699461347822975;404;10
-33.61878566939976;404;10
-34.26929148873049;405;10
-37.14659102479971;405;10
-33.450553791522566;406;10
-33.07045970684367;406;10
-33.55760629883077;407;10
-30.91972490878828;407;10
-29.825441372338272;408;10
-31.53197039483976;408;10
-33.19090868869117;409;10
-31.228910750990597;409;10
-31.92565945395016;410;10
-33.01471321775705;410;10
-32.3692438151651;411;10
-28.927512618179797;411;10
-33.67830377116893;412;10
-31.109615827465507;412;10
-29.58882285766041;413;10
-28.76759944218698;413;10
-33.55195397908505;414;10
-29.11054897990778;414;10
-31.74852833703392;415;10
-35.087380355077265;415;10
-32.28873931667579;416;10
-29.97346527149067;416;10
-31.640256091301662;417;10
-30.415335843423165;417;10
-32.32706262309173;418;10
-29.89801543816017;418;10
-29.169253328120156;419;10
-29.02051916895845;419;10
-33.383096925245006;420;10
-31.714534177060457;420;10
-35.36284380584799;526;10
-34.21432874649078;526;10
-33.051044427152;527;10
-30.360933409603557;527;10
-33.80047872994731;528;10
-29.971415858934755;528;10
-32.35610916734721;529;10
-35.8040080503627;529;10
-29.790640840895872;530;10
-32.8129488381394;530;10
-32.55940306575236;531;10
-32.27336504468938;531;10
-31.88112144024566;532;10
-30.841694285562077;532;10
-33.486504897820566;533;10
-32.72573249703404;533;10
-31.600471945557874;534;10
-31.83424717321521;534;10
-31.487049058193822;535;10
-31.656003708213206;535;10
-34.03492879180721;536;10
-28.981575126785287;536;10
-33.80413455965123;537;10
-34.66492045040147;537;10
-34.513837464004105;538;10
-34.33205196108128;538;10
-31.20174069771742;539;10
-30.437914044984527;539;10
-33.89636385211253;540;10
-34.411250863878585;540;10
-33.47861198825794;541;10
-31.745929225416333;541;10
-32.553892179479234;542;10
-28.39750243662173;542;10
-29.68980549000686;543;10
-32.473493732262284;543;10
-33.12576458461785;544;10
-33.46722584646484;544;10
-31.157720557344426;545;10
-31.539711223580817;545;10
-34.19327924730052;546;10
-30.33380044825198;546;10
-33.54761172242986;547;10
-32.11388913934935;547;10
-30.942083844998013;548;10
-28.91096435222076;548;10
-34.97270216862239;549;10
-29.40099103969841;549;10
-36.924745875203;550;10
-35.03773324906207;550;10
-30.02352630833076;421;10
-35.34342984024078;421;10
-29.912536837566854;422;10
-28.872263621737382;422;10
-34.21110256885151;423;10
-30.553394844755303;423;10
-31.390479437049187;424;10
-32.897797249192784;424;10
-32.105926746707354;425;10
-30.384375904168227;425;10
-32.319335168540995;426;10
-34.379774751142754;426;10
-28.030139274106077;427;10
-30.99211110752796;427;10
-34.08699989995214;428;10
-33.24665656023771;428;10
-31.669897597988616;429;10
-31.320478149789462;429;10
-30.94253793584563;430;10
-33.39476564724194;430;10
-28.23196313381999;431;10
-31.642247627832;431;10
-33.878040770651;432;10
-30.689376512094302;432;10
-31.868765138265047;433;10
-30.663151727618576;433;10
-31.59592382786029;434;10
-32.026870719785684;434;10
-28.574499419676794;435;10
-33.03768221825683;435;10
-26.772196350492102;436;10
-32.24676058528729;436;10
-32.50854999367216;437;10
-35.56829681277465;437;10
-33.43293939393128;438;10
-34.26272944345839;438;10
-33.28135712257152;439;10
-34.55079105972005;439;10
-32.058269272815664;440;10
-34.82286723747401;440;10
-31.97644321671396;551;10
-30.178633937565223;551;10
-35.31783610412271;552;10
-32.60865599297768;552;10
-32.022047903343356;553;10
-32.00987477415618;553;10
-31.96812962542504;554;10
-31.0343708638924;554;10
-27.832806369003368;555;10
-29.25009409462292;555;10
-30.20646119461233;556;10
-34.781100050451855;556;10
-30.63148297988282;557;10
-30.261295370837562;557;10
-32.94965448232927;558;10
-27.99594693535382;558;10
-32.41107910207179;559;10
-31.976921959745646;559;10
-31.556871523321817;560;10
-32.83017333956056;560;10
-31.872181590354852;561;10
-32.560169521191135;561;10
-34.630081653711116;562;10
-32.5861960092241;562;10
-32.722330250184754;563;10
-33.95394064175656;563;10
-29.281298456274698;564;10
-32.25917142068079;564;10
-33.14342535545617;565;10
-31.20789052607985;565;10
-31.398083401918438;566;10
-33.07568814374298;566;10
-31.354349781182943;567;10
-27.650215978506683;567;10
-33.380716347058865;568;10
-32.22230963559408;568;10
-34.49916362311661;569;10
-29.631997759004918;569;10
-28.602880407936993;570;10
-35.576548726709895;570;10
-34.50393254860852;571;10
-31.260886179056897;571;10
-32.7641992823942;572;10
-29.76428440669177;572;10
-27.521332573116837;573;10
-27.737040934617777;573;10
-30.59962718391874;574;10
-32.346035225041405;574;10
-28.676062682358413;575;10
-29.729747270798836;575;10
-28.349860879522975;441;10
-33.01299342590512;441;10
-32.7804596753672;442;10
-33.55656965808587;442;10
-32.469328847194554;443;10
-35.417695494020045;443;10
-32.42786866485433;444;10
-30.194486050735648;444;10
-33.1450121202356;445;10
-33.21102683326306;445;10
-31.495002594066595;446;10
-30.276964647322526;446;10
-34.294932606650406;447;10
-31.574798466236288;447;10
-33.445974068715955;448;10
-33.94824887149778;448;10
-32.66698753564029;449;10
-34.3219128079209;449;10
-34.50423499137812;450;10
-34.3892666100282;450;10
-33.84522939427745;451;10
-32.37831086375184;451;10
-34.861686685860874;452;10
-33.627215288253716;452;10
-33.69667897505964;453;10
-32.39766839899145;453;10
-35.352882280829064;454;10
-33.12622507447571;454;10
-30.759726628001534;455;10
-30.51506164523827;455;10
-31.04426566446724;456;10
-27.057516833218;456;10
-31.795383779061574;457;10
-32.38120513081255;457;10
-35.38343946576112;458;10
-34.19847699544448;458;10
-30.84934881029158;459;10
-32.92453712352925;459;10
-29.234611331788287;460;10
-33.70376258872051;460;10
-33.732029298201596;576;10
-31.826186541530927;576;10
-33.668805401942905;577;10
-31.807816138885308;577;10
-30.59775614496106;578;10
-33.51003155819942;578;10
-34.84106301448556;579;10
-34.506486896120265;579;10
-34.768511982863686;580;10
-32.973177694328974;580;10
-33.933026808357035;581;10
-31.502085125903136;581;10
-31.351191988528832;582;10
-31.849002619354092;582;10
-31.606381791149587;583;10
-36.92204563081433;583;10
-33.48565750480461;584;10
-31.717480331863285;584;10
-32.59241337845667;585;10
-33.51023945214611;585;10
-34.748366748406994;586;10
-32.39449468374373;586;10
-30.771708276434346;587;10
-32.83246650983994;587;10
-36.05555656069683;588;10
-32.367251278750004;588;10
-33.79040173086463;589;10
-30.368110410396728;589;10
-32.56865072108092;590;10
-29.98383947575595;590;10
-31.194302127623875;591;10
-29.253479434780086;591;10
-31.108733972745043;592;10
-30.895639231069964;592;10
-32.18796617805208;593;10
-33.72118924834794;593;10
-32.967933271118135;594;10
-31.19207983744349;594;10
-30.68153110303364;595;10
-30.284251876707714;595;10
-34.4654575721893;596;10
-36.40143777229204;596;10
-31.823384155329318;597;10
-31.984700994310057;597;10
-33.83864397197636;598;10
-35.214341736272544;598;10
-32.91273746928996;599;10
-32.950632022633584;599;10
-31.076147804654546;600;10
-32.48709554877551;600;10
-33.075364638644665;461;10
-32.26394529218119;461;10
-31.781141756983786;462;10
-30.99448852611362;462;10
-34.91544063453678;463;10
-33.72506030076448;463;10
-31.8460477205432;464;10
-29.646218827736845;464;10
-31.51511041348563;465;10
-32.27971856180535;465;10
-32.627063370937016;466;10
-32.82527125119413;466;10
-31.95974542363954;467;10
-35.129000147655255;467;10
-33.945915187498855;468;10
-35.52637881440392;468;10
-30.94506019617238;469;10
-33.343597690038486;469;10
-29.57756843614263;470;10
-31.717602104446062;470;10
-27.0897536184052;471;10
-30.51026943115719;471;10
-33.46456433547538;472;10
-31.52034463066992;472;10
-30.59214580170072;473;10
-31.80276961981505;473;10
-33.93427071661929;474;10
-30.892079745909196;474;10
-28.8027706054732;475;10
-31.41364413461155;475;10
-30.105055767715992;476;10
-29.332514283710285;476;10
-33.60980922975854;477;10
-29.413105686001554;477;10
-30.43142386464587;478;10
-28.704391976574453;478;10
-30.741201552022265;479;10
-32.311427698550226;479;10
-33.68189962884403;480;10
-35.53129823339464;480;10
-31.716326552849367;601;10
-34.200499439726485;601;10
-30.187335200719268;602;10
-31.42468259531626;602;10
-30.628048607762967;603;10
-33.76333516448126;603;10
-32.42776676356308;604;10
-33.29328447231006;604;10
-31.192085488758117;605;10
-33.692674075661756;605;10
-35.092643152586525;606;10
-32.30373457416343;606;10
-35.69305750883948;607;10
-31.286819677593808;607;10
-29.881698002806182;608;10
-32.16058106384633;608;10
-32.60049939840516;609;10
-29.023860122406795;609;10
-31.54716050276669;610;10
-31.330092717201417;610;10
-30.467379206341562;611;10
-29.17218378990713;611;10
-30.17800721039141;612;10
-31.062606714854763;612;10
-31.782516819757905;613;10
-31.815197040389037;613;10
-32.353656028508446;614;10
-29.907524649370952;614;10
-34.473498796789144;615;10
-28.91444886049431;615;10
-31.329140733290934;616;10
-30.39402463396722;616;10
-32.546241270120184;617;10
-30.874078871217414;617;10
-30.27420850746133;618;10
-32.801261638851486;618;10
-30.644352491087318;619;10
-34.281661776090864;619;10
-31.280427669175467;620;10
-31.25985378184895;620;10
-34.14768571658094;621;10
-33.5579268011171;621;10
-36.77575278407343;622;10
-33.66328928863269;622;10
-34.779428573229815;623;10
-31.797363133595518;623;10
-31.681929399729878;624;10
-32.28200838592049;624;10
-32.687544861633896;625;10
-29.653882007997375;625;10
-32.9675070069259;481;10
-32.28259221081575;481;10
-33.30342854331575;482;10
-32.586383632115634;482;10
-35.997502308232534;483;10
-30.147452900824327;483;10
-30.433033832324085;484;10
-30.549756416070725;484;10
-28.251410892164802;485;10
-32.53876442382967;485;10
-36.782193150954974;486;10
-31.45907111879562;486;10
